{
  "users": [
    {
      "id": 1
    },
    {
      "firstName": "sadghg",
      "lastName": "hdgfh",
      "password": "1234567",
      "email": "sk@gm",
      "contact": "1234567890",
      "id": 2
    },
    {
      "firstName": "santhosh",
      "lastName": "kumar",
      "password": "1234567",
      "email": "sk@gmail.com",
      "contact": "9876543210",
      "id": 3
    },
    {
      "firstName": "",
      "lastName": "",
      "password": "",
      "email": "",
      "contact": "",
      "id": 4
    },
    {
      "firstName": "santhosh",
      "lastName": "kumar",
      "password": "1234567",
      "email": "skm@gmail.com",
      "contact": "9492917759",
      "id": 5
    },
    {
      "firstName": "sadhg",
      "lastName": "g",
      "password": "1234567",
      "email": "gkhfgkh@g",
      "contact": "1234567890",
      "id": 6
    },
    {
      "firstName": "sdgashgf",
      "lastName": "HGSDHG",
      "password": "123456789",
      "email": "H@G",
      "contact": "1234567890",
      "id": 7
    }
  ]
}